POI number,Initialization,Perspective Transform,NR
63,0.005322933197021484,0.0003991127014160156,10.736324071884155
