POI number,Initialization,Perspective Transform,NR
63,2.8555002212524414,0.0004439353942871094,1.0967254638671875e-05
