POI number,Initialization,Improved Perspective Transform,NR
63,0.003654956817626953,15.490406036376953,10.560577154159546
